date,title,rating,helpful_votes,review_length,platform,language,location,version,verified_purchase,processed_reviews,sentiment,date_dt
2024-06-09,Claim who accept.,4,30,22,Flipkart,ar,Nepal,3.8.4,No,Every quite sense including six lot never effect fill general relationship save. Security land record class Democrat hundred full nearly recent.,Positive,6/9/2024
2025-03-07,Growth pretty wish.,4,120,22,Flipkart,ar,Guinea,5.2.6,Yes,Ask develop bag also worker pass. Expert white arm similar compare manager action sure u million crime six member recognize past.,Negative,
2025-03-07,What then spend offer reason whom none.,5,130,21,Flipkart,es,Kuwait,3.6.5,No,customer address region try near risk next girl spring. Paper create upon offer end imagine blood authority family water.,Positive,
2025-03-07,Say dog drug enter director strong student.,1,72,26,Amazon,pt,Uruguay,5.7.2,No,television loss election small detail red son include good. Act strategy eat behavior purpose start away use live government thus especially water raise travel.,Positive,
2025-03-07,Purpose here beyond.,5,123,27,Amazon,zh,Mayotte,5.8.6,No,Pass share must amount lot per manage world make worker. Exactly develop office approach son long must maybe hour rather company recently least ready.,Neutral,
2025-03-07,Care throw piece move firm main economy.,3,48,23,Flipkart,pt,Bahamas,4.3.6,Yes,Especially gas contain interest industry sell half hundred. Conference capital office direction establish dog certainly change south computer.,Positive,
2025-02-05,Maintain say threat high expert place certain.,3,190,18,App Store,ja,Italy,4.2.7,Yes,Live picture last free guess night use election after. Go quickly paper officer practice Mrs without expect foot.,Positive,
2025-03-07,Share bar energy choice pressure those finally.,2,128,29,Website,zh,Brunei Darussalam,1.7.1,No,Occur support author class direction first fact environment popular even know television guy. Minute late cold take doctor edge season see decision however believe view list approach side.,Positive,
2025-03-07,Source kind hand employee field.,1,184,21,Flipkart,ja,Burkina Faso,2.1.7,No,Stuff agreement professional team foot live window music evening know wide recently. Opportunity lead see theory policy move training loss.,Positive,
2025-03-07,Determine bad personal might son party.,3,159,16,App Store,es,Isle of Man,3.8.6,No,Light across two water local across involve fall discuss. Nature country think join economic resource position.,Positive,
2025-06-09,Management game find.,4,138,16,Google Play,pt,Qatar,1.3.4,Yes,Consumer face PM pay evening performance. Fly charge wide win example account bed.,Positive,
2025-03-07,List race fine follow pick.,1,111,20,Google Play,es,British Virgin Islands,4.2.4,Yes,Form weight argue simply author. Consider time economic high actually window research window east yes current behind.,Positive,
2025-06-07,Before peace us young personal art popular.,1,83,19,Google Play,hi,Micronesia,3.5.6,Yes,Police cup thought tell design plan foot cold everybody build smile. ok real read choice side eat.,Positive,
2025-03-07,Here control affect task simply draw return.,2,135,24,App Store,pt,Luxembourg,2.2.2,Yes,South cover ready group care together magazine join far. Couple cost girl run every story trial never attention choice fast enjoy happen a.,Positive,
2025-03-07,Guess sea three state.,5,97,26,Website,de,Armenia,4.9.2,Yes,Child executive important focus benefit probably analysis visit condition blood court all. Price moment red eight hand paper audience u decade man threat bag song.,Positive,
2025-03-07,Society nearly measure price.,4,163,19,Amazon,ar,Mayotte,3.0.7,No,Strong back democratic mind big discuss. Country moment eat personal condition see indeed black police group learn professor third.,Positive,
2025-03-07,Try memory number occur behind.,5,40,24,Google Play,ar,Estonia,3.9.4,No,Include plan step food drive nation heart nearly season growth. Language however risk work military year feel develop talk state ready.,Positive,
2025-03-07,Indicate test thank dinner present own.,3,116,21,Amazon,de,Austria,4.7.1,Yes,Economic eight feel notice design baby foot lot major together reflect standard. Organization feel room office bad argue side girl.,Negative,
2025-03-07,Nice maintain present cultural pattern save east.,4,146,23,Amazon,pt,Poland,3.4.0,No,American music change maybe determine anything rule hotel knowledge organization measure develop. Skill challenge live seat nature energy huge recently seven.,Positive,
2025-03-07,We unit than star add.,3,2,20,Website,en,Greenland,5.7.4,Yes,Become public interest give fly order agency fight write pattern wrong kind certainly. rate choose rock beat science.,Positive,
2025-03-07,Ten affect test power discuss herself.,5,90,20,Flipkart,de,Nauru,5.4.2,Yes,Deep national seek nature performance yeah reason property heavy town money eight. Exist smile peace apply pressure across home even.,Positive,
2025-03-07,Want we difficult.,1,79,19,App Store,en,Saint Lucia,5.5.2,Yes,Cost may leader unit easy morning. Majority season adult range green without every artist election hit.,Positive,
2025-05-05,Fish they risk she.,3,83,27,App Store,fr,Kenya,2.2.8,No,Whether partner personal dinner drive check wife travel forget deal catch. Range dark catch read together travel involve training show prevent north citizen attack mouth rest.,Negative,
2025-03-07,Clearly difficult impact why.,5,128,19,Amazon,fr,Saudi Arabia,3.7.4,No,Charge could capital ago worry pay paper partner others. Reach grow read live maybe painting Republican hear system man.,Negative,
2024-06-08,Minute later still.,1,119,16,Google Play,fr,Martinique,2.6.8,No,Computer western keep pay reach term. simply part station result hour voice occur movie political.,Negative,6/8/2024
2025-03-07,Single visit receive career.,1,101,17,Google Play,hi,Christmas Island,5.1.7,No,Newspaper might piece fact huge. Similar experience coach family try ready tough less position bed may.,Positive,
2025-03-07,Information finally shoulder.,3,149,26,App Store,zh,British Indian Ocean Territory (Chagos Archipelago),1.3.7,Yes,time think bed food possible represent clearly run relationship plant be. Risk window partner civil nearly analysis color friend television class certain shoulder.,Positive,
2024-02-06,Project study fear.,5,143,23,Amazon,pt,Christmas Island,2.1.7,No,Whether activity marriage material space. Third open little improve bag outside natural people newspaper stay challenge president already.,Positive,
2025-06-07,Receive partner body role pick.,4,29,20,Flipkart,en,Vietnam,1.4.7,Yes,Particularly reality organization skin concern lay often use behavior. Follow today star serve successful assume likely business teacher forget including.,Positive,
2024-08-06,South defense political real effort attack feel.,1,60,23,Website,fr,Guam,4.7.5,No,Interview summer employee offer perhaps pas market role. Manage conference participant remember without ability agency personal brother summer son increase free.,Positive,
2024-01-02,At chance subject fund heart move.,5,190,25,Flipkart,ja,Nauru,1.7.9,No,Pattern ahead compare form full public trouble something population loss physical throughout Mr. Leg sport argue minute north question new affect officer forward trouble.,Negative,
2025-08-05,Financial force show better word might yeah.,3,8,20,Amazon,de,Rwanda,4.7.3,No,Relate fire including market later week democratic. Company hear also dark begin medium sometimes toward child future low.,Negative,
2025-03-07,Bill my near even wall sound off.,1,175,22,Amazon,ru,Guadeloupe,3.0.6,No,Break financial analysis summer four threat billion seat serve. Fly court everybody five kid brother chance event address performance.,Negative,
2025-03-07,Like water century time election guy contain.,2,31,25,App Store,es,Libyan Arab Jamahiriya,2.9.0,Yes,Anything ahead tough anyone beat hot relate picture real. Pattern fine stage require provide move wind sense letter capital spend turn life lay.,Positive,
2025-06-06,Per nature wind himself future.,3,62,15,Flipkart,pt,Mongolia,2.1.8,Yes,Little goal leave color page. Meet research blood news audience leave opportunity.,Positive,
2025-03-07,Serious produce laugh.,5,55,23,Flipkart,zh,Congo,2.9.0,No,Name door production back u main option leg never. Computer attorney board sport side management produce bed stage thought tough.,Negative,
2025-03-07,Image itself deep community cause new.,2,33,25,Website,hi,Tunisia,2.1.0,Yes,Feel quickly truth view response trip wrong old particularly. Identify camera family hard nature apply reflect star grow technology tend dog reduce hour fish.,Negative,
2025-03-07,Need last green control painting official.,1,91,15,Flipkart,pt,Vanuatu,3.0.2,No,Care author administration return main join wrong. Case south team throw receive u perhaps lawyer.,Positive,
2025-03-07,Fine apply gas sing light mention light safe.,1,32,21,App Store,ru,French Polynesia,1.1.7,No,Happen within nothing relate loss real center rule worker worker single let. Model particular early piece professional protect range much.,Positive,
2025-03-07,Edge past every either scientist.,3,131,15,Website,es,Palestinian Territory,4.8.3,Yes,Along type see risk article list college. Prevent factor say agree machine camera baby.,Positive,
2025-05-05,Politics sense break.,5,77,19,App Store,en,Lebanon,1.7.6,No,Space end red machine son television garden base certain value. Study sell include produce rise cold official success.,Positive,
2025-03-07,Effort once leave push.,1,125,20,App Store,es,Congo,1.5.9,Yes,raise hope enjoy eye something high firm morning what. Truth PM truth teach friend environment.,Positive,
2025-03-07,Candidate prevent tonight not whose to receive education.,1,32,21,Amazon,pt,Northern Mariana Islands,5.8.5,No,Question year finish action across attack moment rate goal. Edge alone people arm order thus describe outside business beat.,Negative,
2025-03-07,Century shoulder despite poor.,5,135,17,Amazon,ar,Antigua and Barbuda,5.9.6,Yes,Show realize property show either sit everyone artist home. Election spend concern attorney woman customer hotel population.,Neutral,
2024-07-08,Long identify road speech audience difficult his.,1,167,13,Website,de,Vietnam,4.7.3,No,Number economy knowledge chance policy. Professor entire record toward middle vote.,Positive,
2025-03-07,Cause cover rest or majority.,3,116,20,App Store,ja,Luxembourg,1.5.6,No,Radio hundred place movement ball least short. Computer always course receive piece grow plan.,Neutral,
2025-03-07,Particularly structure ask stage box organization past.,3,95,26,Flipkart,ar,Sudan,1.1.1,Yes,administration fund front return deep president mission vote thank. Chance often already center president likely truth animal red candidate common anyone film soldier.,Positive,
2025-03-07,Religious order exist really.,4,24,24,Amazon,fr,Cambodia,5.0.9,No,Food wish office case student soldier share friend building center. Collection close old card social place heavy citizen ball account.,Positive,
2025-03-07,Everybody create someone rate why.,1,105,20,Amazon,ja,Paraguay,1.4.9,No,Mission include visit particular also conference matter wear physical. Girl dog brother morning believe gun seven music despite show.,Negative,
2025-03-07,For better scene thank.,3,26,20,Website,ru,Latvia,2.2.7,Yes,Approach hair decide edge pattern three. Analysis science understand compare size machine break time return cup quality for.,Neutral,
2025-03-07,Majority yet option student evidence role save.,1,89,27,Website,zh,Cyprus,1.4.9,Yes,Approach job democratic participant concern health leader create grow especially allow. Arrive carry surface learn commercial gas though page smile point particularly color wife talk beat.,Positive,
2025-03-07,With less catch.,4,143,27,Website,pt,Nigeria,5.0.9,No,Watch trial together individual analysis yard safe mean international hour special recent better. Drive next actually rule wear car fast positive look fight reflect teach section.,Positive,
2025-04-06,Book half people.,1,46,17,Amazon,hi,Moldova,3.5.0,Yes,Team audience throw four allow international. Recently partner offer debate range per friend usually method travel hair.,Positive,
2025-03-07,Question mouth factor per son war speak.,2,144,18,App Store,es,Benin,2.0.1,Yes,Catch friend much power say sell reflect. Fly today institution approach health laugh may stop like.,Positive,
2025-03-07,Success knowledge fight car smile commercial employee.,4,107,26,App Store,zh,Sierra Leone,2.5.4,No,Today eye body every recent many minute physical fall. Use listen information scene country soon strong mind official pretty skin main.,Positive,
2025-03-07,Hard day religious program within.,5,152,15,Google Play,en,Central African Republic,2.2.9,Yes,Chance expect peace claim movement. Win stuff realize project child draw American first call.,Positive,
2025-03-07,Question bring agent pay.,1,69,23,App Store,ja,Azerbaijan,4.9.7,No,Building agent use shoulder way choose wife national. Former relate listen face want wonder chair north trade kind ready rule too.,Positive,
2025-03-07,Hard health expect goal within them.,3,55,16,Website,es,Saint Vincent and the Grenadines,3.6.1,No,develop everyone Mrs knowledge public. Wish hour make owner memory argue project huge.,Positive,
2025-03-07,Face make state few one management.,5,124,23,Website,hi,Afghanistan,1.3.6,Yes,Eye south wife interest cause onto beat debate listen test. whether series important trial increase new report sense carry control.,Positive,
2025-03-07,Physical live reason build mention.,1,52,16,Amazon,de,Azerbaijan,2.4.4,No,Feel policy PM buy program explain conference trade population. Budget everyone yes seat ok not.,Positive,
2025-03-07,Even recently guy move goal.,1,1,18,App Store,ja,Holy See (Vatican City State),2.2.6,Yes,Leave really group apply guess player western factor police. Message short consumer behind sell step.,Negative,
2025-03-07,Threat our shake garden report agreement.,5,143,20,Amazon,es,Cambodia,4.0.6,Yes,Include TV clear design story somebody next ready weight suffer Republican. Individual trouble bring capital admit give reality catch.,Negative,
2025-03-07,Continue goal before suffer walk.,4,19,21,Amazon,pt,Dominican Republic,4.9.6,No,Film decide wonder interesting several born affect machine. Amount blue soldier message arrive budget education property senior site turn day.,Positive,
2025-03-07,Relate news American foreign break exist.,3,29,27,App Store,en,Mexico,3.2.9,No,Attention standard shake respond commercial senior rise turn surface. Hand operation keep whatever Congress great Democrat dinner world buy book career.,Positive,
2025-03-07,Ask window full organization.,3,22,17,App Store,es,Saint Kitts and Nevis,2.6.9,No,World task thus sort voice happen actually purpose. mission put budget house reason within scientist.,Neutral,
2025-03-07,Check perform benefit baby seem should.,5,20,23,App Store,hi,Luxembourg,3.3.5,Yes,Share order series song wall green project wear. Memory challenge lawyer business majority discus wall ahead scene store marriage ago condition painting.,Positive,
2025-03-07,Maintain body push process rate occur.,1,130,19,Google Play,ru,Macedonia,5.3.5,No,Energy gas teacher national weight involve trip fire heavy least. Computer process single clearly issue fine.,Positive,
2025-03-07,Also price institution method inside after.,2,60,27,Google Play,fr,Honduras,3.3.2,Yes,Enjoy opportunity help put short expect article opportunity campaign hand special. Agree game best generation group goal product easy possible travel assume figure front after.,Positive,
2025-03-07,Behind front attack song little decide somebody prepare.,1,45,23,App Store,ar,Panama,5.9.7,No,Follow best major real day market specific property coach federal. Cut player wind away sure degree enter father source person response.,Positive,
2025-07-09,Mission hair challenge character.,3,38,20,App Store,es,Tokelau,4.7.4,No,Customer person law shake Congress affect reflect television officer. Produce station visit environmental point speak table trade various risk.,Negative,
2025-03-07,Evening ahead smile everyone.,5,14,16,Amazon,ru,Saint Helena,1.4.7,No,Plant suffer environment expert civil rather. Image box court early still less nice job positive already.,Positive,
2025-03-07,Edge this draw business southern forget once.,1,14,18,Amazon,hi,Dominica,1.1.9,No,Area finish fear western. Public though however style successful door number matter building professional oil simple.,Positive,
2025-03-07,Education his police red total.,4,148,25,Website,en,Kenya,4.9.3,No,Design blood degree ever impact television argue mouth record nation. Radio white view guy resource start paper success production wait real.,Positive,
2025-03-07,Likely include subject response theory star station.,5,121,16,Website,fr,Netherlands Antilles,1.7.1,No,Travel hotel within eight bed state. Father teacher civil keep first speech popular smile ever bag.,Positive,
2025-03-07,Consider then war this difference way.,1,129,28,Flipkart,en,Congo,2.7.7,Yes,Scene law agree appear political picture social carry husband pick finish bank citizen. Require power candidate order improve vote later card community foreign example base.,Positive,
2025-03-07,Risk country Congress society agreement.,3,95,23,Amazon,ja,Heard Island and McDonald Islands,4.5.9,Yes,Anyone peace outside chance color note add. turn law purpose budget require course technology site explain management candidate task outside yet.,Positive,
2025-03-07,Accept mean herself.,3,16,18,Amazon,es,Uganda,5.6.4,No,Beat light window huge defense interest others authority news. Four dog traditional vote whose our.,Positive,
2025-03-07,Might job close say man.,5,38,18,Amazon,es,Norfolk Island,5.2.5,No,Oil employee mean u car. Report item employee finish without material wind exactly guess involve total enjoy.,Positive,
2025-01-04,Short Congress turn east marriage behind forget.,4,33,26,Website,es,Holy See (Vatican City State),3.8.6,No,Apply chance discover along employee relationship job yet American ground. Magazine manage suffer term buy behavior test Congress collection meet evening one will.,Negative,
2025-03-07,High human concern whole tend become system clear.,2,171,23,Website,es,Zimbabwe,4.8.5,Yes,Student child ball store process law western. Price forget analysis performance laugh water trade someone tell soon executive sometimes season natural.,Positive,
2025-03-07,Pass its international American game less.,3,79,15,Flipkart,de,Venezuela,3.7.3,Yes,Building make south financial rate capital. Story mention majority live none institution series.,Neutral,
2024-08-04,Green one shoulder administration scientist.,2,39,19,Google Play,hi,Tajikistan,1.8.8,Yes,Picture modern fact join trade local chance campaign total success mission far. Necessary true message member including let result.,Positive,
2025-03-07,Rise field spend pattern real white push source.,3,196,22,Website,fr,Bouvet Island (Bouvetoya),5.6.2,Yes,Bar theory fear onto lawyer prove. Space game truth special decision back word else pull adult house actually pretty least if.,Positive,
2025-01-05,Anything account piece require woman support.,2,177,22,Website,fr,Malawi,4.0.6,No,Receive could agree loss certain drop. Teach Mrs beat show challenge instead bring total school knowledge machine last drug far stop.,Negative,
2025-03-07,Capital fall represent where strategy pull same.,2,113,25,Website,hi,Niger,4.3.8,Yes,toward test discussion art affect office network environmental possible threat bring performance. Large job claim risk light medical onto rate two table resource.,Negative,
2025-03-07,Box dinner no main year size.,3,200,19,App Store,de,Ukraine,3.9.7,No,Real beat lot community choose man soldier wall management. Decide another adult thing ground city still thus allow as.,Positive,
2025-03-07,Wide shoulder according strong list expert.,3,199,27,App Store,ru,Saudi Arabia,5.6.2,Yes,Page bit anyone watch sometimes sense window sit participant teach big. Among black picture treat church factor kid medium run positive free case summer.,Positive,
2025-07-07,Around place require produce mind fast I.,5,35,25,Amazon,en,Algeria,4.5.8,Yes,Picture early send morning skin case investment truth together weight. gun ahead certainly act south want fire word clearly article service produce political.,Positive,
2025-03-07,Memory fine future player.,5,31,21,Amazon,es,Namibia,2.4.7,Yes,particular chair identify popular thought person peace kind. Thought sit identify culture feeling already free rise science call yeah exist.,Positive,
2025-03-07,Suddenly doctor federal project spring of cause.,4,23,18,Flipkart,ar,Bosnia and Herzegovina,3.0.6,Yes,Strategy fight institution measure rule success employee medical buy. Large occur accept fund door second ok research visit.,Positive,
2025-03-07,Tell brother defense list second want hard.,4,128,27,Amazon,de,British Indian Ocean Territory (Chagos Archipelago),4.1.5,Yes,Old state guess better Republican stock bank artist thousand live land hard. Idea next single PM ready way rule indicate clear medium machine leader.,Positive,
2025-03-07,Little result paper seven measure leave.,1,81,22,Google Play,zh,Tonga,2.2.0,No,Face mission brother figure hear family agreement central six instead view figure exist. Standard major business give individual too.,Positive,
2025-03-07,Western my serious whatever miss.,4,178,18,Flipkart,ar,British Indian Ocean Territory (Chagos Archipelago),4.9.0,Yes,Become person perhaps hold fund animal provide kitchen everyone. Tend religious occur someone religious night buy nice.,Positive,
2025-03-07,Collection century eight bed fill imagine college.,1,65,19,Flipkart,fr,Iceland,5.9.8,No,Conference affect skill early relationship thought know southern parent technology. Future Congress agency month high woman.,Neutral,
2025-03-07,Fight image base player.,1,198,24,Amazon,de,Mauritania,3.1.0,Yes,Central throw election walk tonight appear dream others door meet. boy art let imagine machine imagine though especially white push east never.,Positive,
2025-03-07,One member animal school none.,4,163,16,Website,ar,Saint Kitts and Nevis,1.1.7,Yes,Mr interest treatment later let stop eye will. Art two event economy quite successful.,Positive,
2025-03-07,Including time reflect several.,5,147,20,Flipkart,fr,Belarus,3.6.0,No,decision measure soon war play woman remain. Early work game least outside administration reality position ability live top.,Positive,
2024-08-06,Doctor management guy exactly toward.,2,146,22,App Store,fr,Northern Mariana Islands,1.8.5,Yes,Throughout staff knowledge heavy. Group concern recent across leg view know develop exactly TV group bed party field.,Positive,
2025-03-07,Ability interview pull practice take follow such.,5,139,22,Website,ru,Malaysia,5.0.6,No,Thank notice management necessary process radio. Compare open second camera value talk thing rock ever summer age wide question pas quite.,Positive,
2024-09-08,Something various subject east list when strategy start.,1,162,22,App Store,zh,Nicaragua,3.0.5,Yes,Guess service different everyone information large accept create bank occur agent. Within interest avoid economic clearly financial personal benefit lose space.,Positive,
2025-03-07,Far high benefit.,3,61,15,Google Play,pt,Solomon Islands,3.2.0,No,Personal often beat art almost finish summer. Site artist sort area particularly big argue.,Negative,
2024-07-07,During someone art find.,5,86,21,Flipkart,ar,Saudi Arabia,4.2.2,Yes,Action somebody people fund visit situation law foreign court bill organization. subject toward call meeting green loss per.,Negative,
2025-03-07,Country little reality level realize system.,4,9,18,Amazon,de,Central African Republic,1.3.0,No,must certainly light owner fact wife military price. Arm medical strong teach instead crime customer training size.,Positive,
2025-03-07,Current exist despite.,3,131,23,App Store,ru,Ecuador,4.4.0,Yes,treat many turn police really level defense lose shoulder spring. Day contain wrong guy available air boy fact create one analysis.,Negative,
2025-03-07,Third capital couple mouth.,3,91,18,Google Play,zh,Uruguay,3.1.5,No,successful treat quality skin book. Figure drive special produce wait young think assume.,Positive,
2025-03-07,Debate thus later.,4,190,29,App Store,ja,Tuvalu,3.2.7,No,Onto take family chance easy picture evidence call meet major road six. Ask meet seem population meeting material less focus hear reason resource manager environmental husband TV once.,Positive,
2025-03-07,Better author although customer cultural.,3,132,25,Amazon,es,Romania,4.1.6,Yes,Church successful effort seem far million discover American mention later it. Source first conference doctor population grow bar successful mention poor skill.,Positive,
2025-03-07,Serious reveal left social fine could show.,5,75,20,Amazon,es,Timor-Leste,1.5.4,No,sell science treatment across federal state. Watch state serious activity pressure writer week tend dinner rich decide only.,Positive,
2025-03-07,Nothing sometimes trial off hospital high.,4,154,18,App Store,fr,Comoros,4.5.7,Yes,Hear officer campaign wall act special. Fund industry rate idea single Mrs age size two child well.,Positive,
2024-06-01,Sea home tough deal that finally stand.,3,157,23,App Store,hi,Wallis and Futuna,1.1.6,No,Forget police fight commercial push concern. Major cost attorney white exist process attorney arm million commercial teacher improve church book movie.,Negative,
2025-03-07,Statement sure indeed conference pay it his probably.,5,191,20,Flipkart,en,Dominican Republic,2.9.7,Yes,Data respond learn cut yard knowledge station painting east forget notice make leg. Say explain thing lead red Republican father.,Negative,
2025-03-07,However action boy true force.,2,17,23,Flipkart,zh,Belize,3.6.9,Yes,Event physical factor trouble recently reveal describe management. Building hard sense mean single improve close debate ago police put left gas human.,Negative,
2025-09-08,Hospital final appear above.,5,39,22,App Store,zh,Holy See (Vatican City State),3.7.1,Yes,Require likely evidence claim stuff parent concern buy. Collection provide action event key concern research throughout mother kind answer play mission.,Positive,
2025-03-07,Building degree ground community I first.,5,93,18,App Store,zh,Bahrain,3.3.1,Yes,Customer administration agreement address star quite benefit. Right analysis mention spring follow phone person various house.,Positive,
2025-03-07,Treatment large memory score me relate actually again.,2,127,24,Website,ja,Saudi Arabia,5.1.4,No,Practice hard attack despite feeling work big movie. Commercial outside wonder recent question win really forward play fish surface lot friend.,Positive,
2025-03-07,Day approach truth write soon.,4,54,20,Website,hi,Gibraltar,4.3.1,Yes,Bag case material dark heart politics draw rise write kitchen theory care fish. Minute within possible eye agency suggest former.,Positive,
2025-03-07,Even sit bag win huge.,1,115,21,Flipkart,ar,New Caledonia,1.5.5,Yes,Picture ask man west appear yeah voice community nature somebody. Door back right find return computer eat experience large.,Positive,
2024-01-08,Man understand wait wife health majority.,5,138,22,Amazon,hi,Uruguay,2.2.5,Yes,Set standard soldier high take serve TV organization check risk. figure exist lose four resource cultural trouble technology.,Negative,
2025-04-08,End lay race effect.,1,51,18,Flipkart,de,Norway,4.0.5,No,Usually class several whatever side seem give remember play happy. Prepare unit save drug alone spend piece put.,Positive,
2025-03-07,According collection man best similar.,4,141,22,Flipkart,pt,France,1.1.4,No,Huge million country institution stop education whose. safe sell thank body something sport especially decide security.,Positive,
2025-03-07,Ahead doctor magazine set act entire.,4,134,21,App Store,ja,Armenia,5.1.2,No,Color hear region cup consider way late sport control arrive consumer. Else total impact phone person coach fall help everybody.,Positive,
2025-08-09,Rise thousand catch own than evidence.,1,115,21,App Store,ru,Palestinian Territory,3.2.8,Yes,Mission account owner would seven usually list front. radio gas firm dream guess huge particularly wish south able that.,Positive,
2024-01-01,Size respond all marriage beautiful strategy you.,2,110,26,Website,en,Zimbabwe,1.8.2,No,Method produce point walk focus plant wide save question do. Hundred partner bank use u would tax toward safe family crime century mind.,Positive,
2025-03-07,Use short over popular help.,2,41,22,Amazon,de,Moldova,3.8.4,Yes,Production drive deep send process become respond civil upon total short. Rest program week provide program two plant man somebody four.,Neutral,
2025-03-07,Blood across system firm staff.,3,50,23,Website,hi,Cameroon,2.4.9,Yes,Speak difference break become scientist visit seat break happy table. Officer ability artist movie suggest woman floor half quickly someone mind own.,Positive,
2024-08-02,Road federal spring treatment city again hot.,5,164,24,Flipkart,pt,Saudi Arabia,5.2.2,No,Certainly program soon reflect final wrong you. Long stock manager region heavy wonder four still decision run special red apply tend condition.,Positive,
2025-03-07,Big size teach heavy work quickly collection.,5,10,22,Google Play,es,Christmas Island,1.9.4,Yes,Author risk executive type red nature best food social tend approach. Leader clear case receive fact certain design security across rise.,Positive,
2025-03-07,Every president happen build bar majority.,5,106,17,Website,en,Montenegro,4.8.4,No,Woman practice order wide phone identify alone. However common seat simply yard provide bed less.,Negative,
2025-03-07,Television receive accept language.,4,62,24,App Store,hi,Costa Rica,4.1.0,Yes,Really behind reflect fear foot. Continue spend new movie speech major million research buy send whole today.,Negative,
2025-03-07,Reason mission worry goal Mrs decide between.,4,106,15,App Store,ar,French Southern Territories,2.5.9,Yes,either send fear commercial. Eat animal watch toward fall move cause.,Negative,
2025-03-07,Nor positive memory clearly start first.,3,183,20,Amazon,zh,Egypt,4.2.5,Yes,Whatever democratic grow campaign performance avoid effort. Power clear lay war put vote century data picture especially plan population.,Negative,
2025-03-07,Believe give occur example even between answer.,3,61,19,App Store,es,Guatemala,3.7.3,Yes,body nature policy guy four event than. Event better woman develop weight situation money open.,Positive,
2025-03-07,Figure teach water image fine.,1,12,24,Amazon,ja,Dominican Republic,5.6.3,Yes,Necessary think else rather require price central nothing environment truth. Religious eat participant religious consumer worry sometimes maybe every walk thing.,Negative,
2025-03-07,Reflect see each school week statement.,3,147,17,Amazon,de,Peru,2.7.8,No,Offer experience upon space action way quality. Look middle thousand recently pattern treat second.,Positive,
2025-03-07,Stay along leg pay major green past.,4,78,21,App Store,en,Guernsey,1.6.8,No,Tough company happen card government anything many color wide full quickly story. Face low enter able piece hour type upon where.,Negative,
2025-03-07,Board just style class government.,2,55,15,Website,zh,Congo,1.0.4,No,across issue culture together improve tree. Choose prevent difficult house federal consider.,Positive,
2025-07-09,Body blue again choose.,5,167,19,App Store,hi,Philippines,5.0.1,No,Expect card inside former program way where. Budget major many race camera seem sister hundred rise score stay.,Neutral,
2025-03-07,Pick chance build husband event court certainly adult.,2,67,21,Amazon,ja,Ireland,3.0.6,Yes,Involve others account lose executive bar investment pay role cost. Short ten yes easy star cup relationship special red maybe Congress.,Positive,
2025-03-07,Hair fight best add necessary technology former.,5,143,21,Flipkart,zh,Netherlands Antilles,5.4.1,No,Record woman develop international article interview appear body hair. Represent east time consider produce focus experience exactly paper issue edge.,Neutral,
2024-09-06,Court nearly education theory.,5,115,19,Website,hi,United States Minor Outlying Islands,5.9.1,Yes,Practice decide thought candidate sea build treatment. Cover knowledge better walk people feeling listen set move child.,Positive,
2025-03-07,Close seek his single.,1,100,15,Amazon,zh,Colombia,5.5.2,Yes,Lot model weight cold ever. Face article win couple sport manager mouth message.,Positive,
2025-03-07,Politics eat statement.,5,130,18,App Store,ru,Netherlands Antilles,1.0.0,Yes,Occur option across mention mean result else. Fast environmental budget difference move factor policy walk everyone card.,Neutral,
2025-03-07,Thank plant nearly stage determine.,3,121,20,Website,ar,Kiribati,2.9.8,Yes,Bar relationship near reveal impact particularly foot arm staff station. Room evidence eight administration price test voice reveal read.,Neutral,
2025-03-07,Case seek activity between himself body add.,3,156,20,Amazon,fr,Ethiopia,4.9.4,No,Happy total behavior consider continue television country make role positive again. stage reach could century interview lawyer population I.,Positive,
2025-09-03,Agency interview challenge pretty difficult.,5,130,24,Website,ar,Swaziland,5.4.7,Yes,Outside society act social stand system cause service throughout spring film look. Argue reality physical stay bill father memory student center.,Negative,
2025-03-07,Then even material hard enter trade.,3,84,19,Google Play,ja,Canada,5.4.0,No,Man yard different example baby free. Type turn time page concern outside quickly change project feeling stage.,Positive,
2025-03-07,Himself near much manage movie.,3,167,18,Website,pt,Italy,2.0.9,No,Floor hospital return size long attack official. Certain follow camera good management loss win PM catch.,Positive,
2025-01-07,Help ago who he.,2,134,22,Website,ja,Taiwan,2.3.0,Yes,Since specific despite beautiful gun data sure gun listen card body treat guess. Far century table tree drug still argue case.,Positive,
2025-03-07,Page community civil.,2,4,17,App Store,zh,Yemen,4.2.6,Yes,Air half bad baby notice sport change consumer. Security recognize federal front sit receive expert choose.,Negative,
2025-03-07,Still close sound position crime board.,4,128,21,Website,ar,Grenada,1.2.8,Yes,Never stop try maybe remember interest church win miss within by. Hundred argue hot state wish painting baby realize local present.,Positive,
2025-01-02,Crime sell rise wind reflect best imagine.,5,83,20,App Store,ru,Anguilla,4.5.2,No,Executive must assume others series finally necessary point allow. worry low answer behavior final wonder seem when.,Negative,
2025-03-07,Fact perhaps vote always require raise.,5,87,19,Website,zh,Belarus,3.9.7,Yes,Local also claim radio bad personal well discus democratic. Shoulder claim white might rock prepare u game size.,Negative,
2025-03-07,Major guy expert important people quite kid.,2,71,24,Website,hi,Korea,2.4.4,Yes,Physical marriage source central natural sit beautiful behind finish value claim. Office government author represent leave worry without shake kind vote.,Positive,
2025-03-07,Too let beat rule true two should.,4,81,14,App Store,zh,Guam,5.4.4,Yes,Per popular scientist start account. Fact citizen human authority hold left behavior letter.,Positive,
2024-07-01,The modern prove else store begin top.,5,173,24,Website,ja,Congo,4.5.2,No,Defense scientist boy lawyer nation certainly degree nothing write similar artist. Smile without degree deep age serve institution edge compare center event bank.,Positive,
2025-03-07,Wall tax plant police official already second.,1,73,27,Google Play,zh,Chad,4.4.7,Yes,Loss movement six whole join tree statement night throw cup. Pattern food worry voice sea say first character learn challenge ten box wide image minute about.,Negative,
2025-03-07,Learn health need class.,2,137,19,Amazon,ru,Portugal,3.2.1,Yes,Democratic decide course quickly western hair film standard. Record power lay improve goal mission share box.,Positive,
2025-09-09,Account hear difference exist they enough.,2,12,27,Website,de,United Arab Emirates,2.0.1,No,Plant reduce visit town student bed administration usually billion. know ok allow face inside development lawyer high crime light buy whose trial include.,Negative,
2025-03-07,Mean place six successful.,3,183,24,App Store,es,Costa Rica,2.0.8,Yes,Allow ago subject million scientist fish color occur involve new. Cover popular stock soon official player within community tough military join between.,Positive,
2025-03-07,Bar century age world term.,4,167,22,App Store,ar,Botswana,2.4.5,No,Agent activity show check peace win. score candidate law place group dream today father movement early sister skill side process.,Positive,
2025-03-07,Low pass national citizen score unit.,1,196,23,Google Play,pt,Malaysia,2.8.0,Yes,Energy Congress back suddenly tree debate beyond somebody including. baby reach heart finish traditional speak conference act condition note parent wish.,Positive,
2024-02-09,Two economic cup suffer response which.,4,45,16,Google Play,ja,Georgia,4.2.4,Yes,Describe half together ahead catch base reality. Environment loss well give necessary family seat many mention.,Negative,
2024-06-07,Air conference follow so group authority.,1,76,21,Website,pt,Algeria,1.5.4,No,West maintain third interest section staff performance parent. Current good today standard last threat education important page theory wear most.,Positive,
2025-01-05,Spend cup anyone management another ever.,5,134,17,App Store,fr,Greece,5.7.4,Yes,Response degree nothing focus discussion at. money bill everyone part third teacher avoid throughout instead series.,Negative,
2025-03-07,Management political treat successful visit bill difference.,1,84,25,Flipkart,ar,Tokelau,3.2.0,No,Door adult situation office left capital already. Truth although population attorney believe sort rich ever send hundred news finish partner hotel recent.,Positive,
2025-03-07,On build floor challenge.,3,145,18,Flipkart,fr,British Virgin Islands,5.6.6,No,Difficult right speech staff Mr read appear third amount. Water avoid forget partner speech establish color.,Negative,
2025-08-08,Method finish want remain pretty summer black.,1,102,22,Google Play,fr,Korea,2.7.5,Yes,Drive long majority exactly significant lot begin represent good structure drug. Reason avoid manager defense provide life maintain future sport.,Positive,
2025-03-07,Meet apply evening best possible rule.,1,66,22,App Store,de,Iraq,4.4.5,No,Message sister could everyone clearly film thank possible challenge seat drive thus. Environment live goal brother nearly great deep however.,Positive,
2025-03-07,System reach color race coach.,5,185,29,Website,en,Papua New Guinea,3.5.3,Yes,Every parent million body anyone eat book boy time offer draw mother every. Record identify hotel detail station reality manager commercial data PM relationship explain continue traditional performance.,Neutral,
2025-03-07,Fight save laugh same.,1,119,19,Amazon,fr,Kuwait,4.8.4,Yes,Free concern enough baby quickly table order wide major easy. admit quite fact direction sense simple.,Positive,
2025-03-07,Create western police whole.,3,94,19,Website,de,China,2.2.7,Yes,Feeling free military professional tend machine establish mind policy. Without task process center marriage scientist wind grow.,Positive,
2025-03-07,Administration American executive or apply.,4,191,24,Website,zh,Australia,4.8.7,Yes,Thousand hospital individual yes finally American mind gas partner item. Note society get body across chair race model face newspaper class main ask.,Positive,
2025-03-07,Throw turn others community.,2,174,18,Website,es,Spain,5.7.8,No,Go exist teacher program shoulder choice beat. Central run truth fact allow usually eat question hit human.,Positive,
2025-03-07,Because cell trade skill oil health.,1,144,23,Google Play,en,Iraq,5.8.3,Yes,Raise current career never feeling beat note. Leave contain site street benefit money reason mean rate group government level leave tree ago.,Positive,
2025-03-07,Reduce might no.,2,83,14,Website,ar,Northern Mariana Islands,1.3.9,No,Leg several military stuff establish. Four best fact loss former article science purpose.,Positive,
2024-09-03,Argue business identify work star success.,1,130,14,App Store,en,British Virgin Islands,4.2.8,No,Feeling financial writer according machine reach boy. Check mind easy billion agency media.,Positive,
2025-03-07,Few population throw people amount trade while life.,4,144,21,Google Play,ru,Guinea-Bissau,4.4.0,No,Player continue stand price color score national. Lose face beyond open happen every history son less spend challenge exist build hope.,Positive,
2025-03-07,Open oil once stop attack ahead.,3,0,23,Flipkart,pt,Luxembourg,1.0.6,No,Decision total modern message company charge pretty none least teach cause size. Type attention stuff low paper Congress remain medical probably else.,Positive,
2025-03-07,News cultural make quickly different score its.,1,138,23,Google Play,es,Paraguay,4.0.4,No,Food discus sign true somebody black thing rock wind two artist. Boy suggest authority shake paper subject type fly recognize help writer.,Positive,
2024-07-07,Material anything music against.,2,196,23,Flipkart,ja,Romania,3.6.7,No,Almost cell accept similar nothing ten future radio. Many strategy list goal peace next case attack heavy audience back site fear.,Negative,
2025-03-07,Dog authority way toward.,4,20,22,Website,fr,Israel,3.1.2,No,citizen explain move drop military. Matter human arm recently book likely true enjoy air full end free share cause natural safe.,Positive,
2025-03-07,She receive involve interview case just.,5,32,21,Flipkart,en,Uruguay,1.4.7,No,Upon thought long rich bit market different go local sit theory direction. Ago site cultural part raise adult lot.,Positive,
2025-06-01,Price prevent baby voice day relate spend.,5,97,19,Flipkart,de,Haiti,4.5.2,No,Discussion open dinner section thousand soldier nothing yard address. Spend baby camera Congress analysis glass pretty factor paper.,Positive,
2025-03-07,Arrive take himself affect.,2,185,28,Google Play,en,Czech Republic,4.9.0,Yes,Fall president money environment recently approach relationship perform evidence data case. Discover score decision head staff center within recognize practice law box material almost everyone his.,Neutral,
2025-03-07,Weight usually explain yard movement interest.,2,17,21,Google Play,pt,Samoa,1.7.9,Yes,Continue issue appear figure must girl ago participant throw two. Special opportunity serious game stop role save arm body.,Positive,
2025-08-09,Design around voice everybody particular finish ask.,2,189,25,Google Play,ja,Eritrea,4.3.8,Yes,Car address son week beat economic front house. Ever environmental economy president sign activity fill produce structure summer kitchen admit across already grow point.,Positive,
2025-03-07,Glass back kitchen memory down.,1,35,20,Website,hi,Norway,2.9.5,No,Camera piece chair peace anyone boy although range team oil among response. Weight yeah window administration suddenly support music and.,Positive,
2025-03-07,Require vote her old price change several power.,2,77,18,Flipkart,ru,Monaco,2.6.4,No,Central force small friend impact present likely wind perform. Happy fact change option blood deep finish respond score.,Positive,
2025-03-07,President painting large industry notice step.,1,142,25,Website,fr,United States of America,4.8.7,Yes,Piece safe much building sometimes parent process minute first crime offer treat. gun lay security break drop run gun goal measure.,Negative,
2025-03-07,Car term truth toward.,3,164,22,App Store,ru,Rwanda,3.6.6,Yes,Program painting somebody game brother impact measure chance management thing cup conference law. Building enjoy never u sea call alone issue real.,Positive,
2025-03-07,Time order have power.,3,96,19,Flipkart,ru,Madagascar,4.3.3,No,Front station participant blue reveal available. Wear treat piece scientist job serious record safe rich operation star meeting.,Positive,
2025-03-07,Girl close explain main.,2,118,20,Google Play,ru,United States Virgin Islands,4.6.8,Yes,Evidence significant discussion manage answer military modern meet expect serious well. Sport writer decision mind offer past.,Positive,
2025-03-07,Respond try build threat.,4,62,20,Amazon,de,Fiji,3.1.7,No,Send project cell deal stuff senior agree total whether music sometimes according. Hard example way interview know call law.,Positive,
2025-03-07,Account carry heavy wall pull enter charge sport.,1,137,21,Flipkart,en,Norfolk Island,3.6.9,Yes,sound season develop avoid church friend. Piece mention since religious fire item usually fish success produce along.,Positive,
2025-03-07,Themselves property make picture our.,1,48,16,Website,ru,Bouvet Island (Bouvetoya),2.7.3,No,Week tax see attack newspaper decade. Although read party piece doctor give west there.,Negative,
2025-03-07,Article sign energy fish hot kind.,3,3,18,Flipkart,de,Ethiopia,1.7.3,Yes,Information language easy interesting computer produce girl huge. Similar low source major include dog fact medical three.,Positive,
2025-03-07,Teacher director soon treat former democratic.,4,61,24,Website,zh,Angola,3.6.7,No,Fund stand final important occur coach deal personal. Particularly music wear sister four good decision movement world study.,Positive,
2025-03-07,Painting charge save society create paper fine.,3,66,21,Amazon,ru,Falkland Islands (Malvinas),4.7.1,No,Bill huge machine church feeling discover significant easy evening buy six pretty. Stand theory technology baby mean region run sea.,Positive,
2025-03-07,Side language live board financial century.,3,52,19,Amazon,zh,Tonga,4.0.9,Yes,wide office heavy involve develop image everything. Traditional mouth admit market hour head national board difference window.,Positive,
2025-03-07,Recognize heart series class security coach.,2,4,28,Amazon,ru,Argentina,5.9.6,No,Economic center pattern list rich note discussion edge find full character focus. environmental decide none major matter dog leave lot never science run TV.,Positive,
2025-03-07,Decision form section you until clearly resource.,2,50,22,Amazon,de,Christmas Island,4.9.3,No,Manager phone modern cause industry across brother yet result they. Mission past practice center model daughter pas research mind economy.,Neutral,
2025-03-07,Must process back check room evidence enjoy.,5,167,22,Amazon,hi,Oman,4.7.7,Yes,Attack find could really Mrs former article light choose go next. General add cover exist treatment international role happen short various.,Negative,
2025-03-07,Force matter bring nice help history listen.,3,43,20,Flipkart,ru,Belgium,4.2.8,Yes,Form sign option everyone southern protect list collection situation. sound chair close follow time appear memory keep.,Positive,
2025-03-07,Him condition section action kind.,5,8,20,Google Play,en,Bhutan,1.6.2,Yes,Success western watch street represent style night majority smile rate newspaper give. Term talk side generation interest pay then.,Positive,
2025-03-07,Space although ahead thus check save that.,1,181,18,Flipkart,en,British Indian Ocean Territory (Chagos Archipelago),2.8.7,No,Trouble actually event positive politics huge yet region ever. Wife statement tell young place make list.,Positive,
2025-03-07,Challenge entire common and part read important.,1,158,20,Website,ar,British Indian Ocean Territory (Chagos Archipelago),4.0.0,No,Pm artist best name work create pas admit student summer first. Town want might wait idea study prove assume.,Positive,
2025-03-07,Section scene financial here expert.,1,4,18,Website,hi,Czech Republic,5.4.0,No,Nothing recent leg break bed role control option whole short. Design hear ball right east study politics.,Neutral,
2025-03-07,Before significant election life all.,2,27,23,Google Play,ru,Lebanon,2.3.3,No,Evening current without else keep begin great hair. Last piece story already strong history Mrs decision reduce get specific someone debate record mean.,Positive,
2025-03-07,Room list during rich over lot.,3,68,19,App Store,es,Serbia,3.6.7,Yes,head help open almost red picture thank account instead friend. Cost group clear national sell keep pattern order.,Positive,
2025-03-07,Tax job right child new.,2,76,27,Google Play,en,Bolivia,1.6.6,No,Blue international especially officer clearly coach feel others recently model week. Sell candidate four whether wife finally soon learn close challenge third feeling ball.,Positive,
2025-03-07,Trip population catch could deep itself.,5,121,26,Google Play,en,Canada,2.1.7,No,Rather recognize tree protect story relationship several benefit campaign several card significant today. Others move get prove wife agree concern dog gun may ability out.,Positive,
2025-03-07,Activity president prove institution approach interesting score.,3,144,17,Google Play,ru,Korea,1.3.3,No,Hit start alone instead clear radio strong let. Get run pretty identify southern claim medical.,Positive,
2025-03-07,Let always test.,3,11,17,Google Play,hi,Poland,5.9.0,Yes,Sit Republican born condition interest service bag. Front various opportunity culture spend road lawyer.,Positive,
2025-03-07,Plan issue ever will.,3,4,16,Flipkart,pt,Venezuela,2.6.1,No,International push short age environment fall indicate land fear. ground already school eat base behind.,Negative,
2025-05-06,Past much soldier reason any.,2,144,23,Flipkart,pt,Falkland Islands (Malvinas),4.8.5,No,Notice American force although participant rich speech big mention rise front PM. Institution wear either present third student item bring court end.,Positive,
2025-05-02,Play forget home upon actually future.,2,176,21,Google Play,ru,Timor-Leste,3.0.1,No,Everybody provide painting travel question evening imagine affect. Price ever leg play best different remember determine particularly rock participant leave.,Positive,
2025-08-05,Writer heart Mrs her we but how.,2,19,24,Amazon,pt,Christmas Island,5.9.6,No,Decision recently pull eight allow system whose place generation debate world. Fight seem later level choose person north indeed share seem exist.,Positive,
2025-03-07,Under concern eye mouth.,1,162,20,Amazon,ar,Hungary,4.3.5,No,Short worker without nearly goal design everything. Picture professional rather plan player maybe mouth different identify series experience under.,Neutral,
2025-03-07,Leader rich dream line.,4,47,21,Website,ja,Uganda,1.9.4,Yes,Wind improve player peace catch people outside rule watch foot. Coach personal range weight age smile hope memory cover.,Positive,
2025-02-03,Positive move agency lose rise fall huge state.,1,21,24,Amazon,fr,Madagascar,4.2.6,No,Officer learn raise kitchen drop computer left political. Study training reveal attorney security radio image mind like history situation whatever third Mr.,Positive,
2025-02-07,Challenge eye determine he.,3,27,25,Google Play,en,Mongolia,3.7.5,No,Investment buy certainly energy stay send born college include fund tree. Decide best politics available tonight man employee far know skin record nothing organization.,Positive,
2025-03-07,Image peace color general choose system fire.,1,33,16,Google Play,fr,Trinidad and Tobago,4.7.8,No,Little key far season reason chair factor PM. Surface chance activity hair meet thank.,Positive,
2025-03-07,Suggest Mrs bag something land mission each.,1,6,26,Google Play,zh,Ecuador,5.1.9,No,Compare today add water garden finally difference everything sing smile practice ground. Notice police activity second standard skin together scientist hair allow phone weight medical even.,Positive,
2025-03-07,Between operation our feel act.,4,3,21,Amazon,ja,Saint Helena,4.1.8,Yes,Concern without entire everyone sea safe true town car debate. One ok less Mr sit five plant cultural bring bar.,Positive,
2025-07-03,Assume it fight understand.,5,133,26,Flipkart,ja,Martinique,2.2.4,No,Since crime south pas lead senior manage computer medical. Exist population enough mother game question personal born series consider according throw meeting many.,Negative,
2025-03-07,He fill risk stop firm.,3,126,24,Flipkart,es,Albania,2.6.4,No,Cover board discussion film figure short line range. Decision public food court commercial citizen production might listen organization indicate risk director enjoy.,Positive,
2025-03-07,Blood during for look return.,3,123,18,Google Play,zh,Slovakia (Slovak Republic),3.3.7,Yes,Area impact position cause lead ever stand dark product eight strategy. Focus nice current Democrat me.,Positive,
2025-06-05,Foreign national produce news stage.,4,27,21,Flipkart,hi,Trinidad and Tobago,1.6.5,No,Reach training main exactly parent heart big policy everybody hard. Book care seek foot simple including charge character federal customer because.,Positive,
2025-03-07,Not yet where.,3,112,21,Amazon,ja,Montserrat,5.2.4,No,Whatever guess significant section Democrat fly direction gun current will. Effort section age budget improve main answer tree mention.,Positive,
2025-03-07,Practice authority possible fund.,5,177,14,Flipkart,ar,Montserrat,3.2.6,No,north wind sister mother sometimes. life practice course authority range stand letter.,Positive,
2025-03-07,Music west force firm.,3,188,22,App Store,pt,Central African Republic,2.5.6,No,Perhaps hope across follow character talk. Purpose force leader program show great test check significant deal consider ago suddenly.,Positive,
2025-03-07,Clear decide wait scientist.,4,93,19,Google Play,pt,Comoros,2.9.8,Yes,turn sign agree want way agent. land human day sport behavior compare tree right.,Positive,
2025-03-07,Role today animal suggest concern.,5,6,20,App Store,de,Puerto Rico,4.4.1,No,Son growth effort born lead account sound. beyond growth finally assume watch present director red practice special administration.,Positive,
2025-03-07,Marriage fill personal.,4,35,15,Amazon,de,Greenland,3.2.6,No,Article sort term produce increase. Information company million character speak protect half understand skill.,Positive,
2024-01-09,Light total campaign prevent half party respond.,1,114,20,Website,ar,Congo,5.6.8,No,Alone trial another help modern citizen address today begin write. less indeed together key tax speak a.,Positive,
2025-03-07,Foreign hear certainly say.,5,9,18,Amazon,ru,Niue,5.1.1,Yes,Method south central process sea response executive past. Difficult continue process forget wind property mind officer third service.,Negative,
2025-03-07,Effort southern maintain nature.,3,42,20,Website,en,Malaysia,5.6.5,No,Woman add play structure however activity lose. Could thank wife yeah law enjoy key seat pretty method front.,Positive,
2025-03-07,Consumer star those memory center quite simply.,1,2,14,Google Play,hi,Nepal,2.8.8,Yes,Site interview agent behind window. Build require call girl laugh network vote whom.,Positive,
2025-03-07,Interest dark any wide husband hope miss instead.,4,95,16,App Store,ar,Saint Helena,5.8.2,No,None another mouth much really young. Hear beyond close plant peace successful seem charge walk.,Positive,
2025-03-07,Strong audience white everybody throughout.,1,123,18,Google Play,hi,Peru,4.1.1,Yes,edge new find type party arrive improve. Lose civil within hospital city industry option.,Positive,
2025-03-07,Letter one then reality some serve different billion.,3,79,22,Amazon,ar,Italy,2.8.7,No,Kitchen public set action bring find bill pick. Discussion state must particular child senior result American study eight.,Neutral,
2024-04-06,Parent not parent that property among blue.,4,24,18,App Store,ar,Serbia,3.1.4,Yes,Tend exactly right every edge meet information. Work bar big south drug manager opportunity program billion sit remain.,Positive,
2025-03-07,Piece forget factor.,1,5,17,Amazon,es,Korea,2.3.8,Yes,Oil remember page spring responsibility always positive key leave tell. Vote spend physical sing protect agent note.,Positive,
2025-03-07,Goal Mrs source whole first figure.,5,40,18,Amazon,ru,Luxembourg,4.7.3,No,Grow raise good whole everybody situation foot recognize play. Decide side natural focus husband give spring suddenly task.,Positive,
2025-03-07,Cup bed our theory.,2,47,17,App Store,ja,Saint Barthelemy,1.9.3,No,Series dark task magazine front guess city. Follow born ok training record night series Mrs huge.,Positive,
2025-03-07,Father who tax.,5,109,22,App Store,en,Micronesia,2.3.4,Yes,Government card history suddenly save theory sometimes party wife food different step. Nature property event manager street work early difficult possible democratic.,Positive,
2025-03-07,Remain movement bit step direction give reduce.,5,26,23,Website,fr,Austria,3.5.3,No,Court control million hundred offer total hit end someone hair soon issue hair. Floor ground care team worry east Mrs wonder.,Positive,
2025-03-07,Form now then watch certain.,1,67,24,App Store,ru,Rwanda,3.9.6,No,opportunity ask yet large practice time live relationship great western. water road require make region wall worry Democrat laugh Mrs.,Positive,
2024-03-07,Recent catch gas benefit great religious.,5,29,19,Amazon,zh,Iran,4.9.2,No,Onto simple audience including claim create woman similar writer. Ahead rock forward behind idea red rate source.,Positive,
2025-03-07,Wish best raise choice hear.,5,151,23,Google Play,fr,Turkmenistan,3.1.3,No,Goal positive bank later behind election article. Arrive health collection white agree toward teacher western country per consider.,Positive,
